older,corner,plus,letter,bottom,born
public,cup,airplane,felt,fair,alike
most,rubber,speed,together,vowel,ought
terrible,cookies,police,riding,chain,process
laugh,effect,border,leader,chest,dozen
actual,spin,write,trunk,plate,to
collect,noise,if,death,setting,blanket
older,corner,plus,letter,bottom,born
public,cup,airplane,felt,fair,alike
most,rubber,speed,together,vowel,ought
terrible,cookies,police,riding,chain,process
laugh,effect,border,leader,chest,dozen
actual,spin,write,trunk,plate,to
collect,noise,if,death,setting,blanket
